{
  "produtos": [
    {
      "id": "1",
      "nome": "Crédito Pessoal Mensal Pré-Fixado",
      "descricao": "Empréstimo com parcelas e taxas de juros fixas do início ao fim do contrato, para organizar suas finanças ou realizar projetos.",
      "publicoAlvo": "Clientes com conta na Caixa e análise de crédito aprovada.",
      "garantia": "Nenhuma",
      "taxaJurosAnual": 43.2,
      "taxaMensal": 3.6,
      "prazoMaximoMeses": 48,
      "link": "https://www.caixa.gov.br/voce/credito-financiamento/emprestimo/emprestimo-pessoal/Paginas/default.aspx"
    },
    {
      "id": "2",
      "nome": "Crédito Pessoal Mensal Pós-Fixado",
      "descricao": "Empréstimo com taxas de juros que podem variar ao longo do contrato, geralmente atreladas a um indicador econômico.",
      "publicoAlvo": "Clientes com conta na Caixa e análise de crédito aprovada.",
      "garantia": "Nenhuma",
      "taxaJurosAnual": 18,
      "taxaMensal": 1.5,
      "prazoMaximoMeses": 36,
      "link": "https://www.caixa.gov.br/voce/credito-financiamento/emprestimo/emprestimo-pessoal/Paginas/default.aspx"
    },
    {
      "id": "3",
      "nome": "CDC Salário (Crédito Direto Caixa)",
      "descricao": "Linha de crédito pré-aprovada para quem recebe salário na Caixa, com contratação fácil e débito direto na conta.",
      "publicoAlvo": "Clientes que recebem salário em conta corrente na Caixa.",
      "garantia": "Nenhuma",
      "taxaJurosAnual": 55.2,
      "taxaMensal": 4.6,
      "prazoMaximoMeses": 60,
      "link": "https://www.caixa.gov.br/voce/credito-financiamento/emprestimo/emprestimo-pessoal/Paginas/default.aspx"
    },
    {
      "id": "4",
      "nome": "CDC Automático",
      "descricao": "Limite de crédito pré-aprovado disponível para uso a qualquer momento, diretamente no caixa eletrônico, app ou internet banking.",
      "publicoAlvo": "Clientes com conta na Caixa e limite pré-aprovado.",
      "garantia": "Nenhuma",
      "taxaJurosAnual": 68.4,
      "taxaMensal": 5.7,
      "prazoMaximoMeses": 60,
      "link": "https://www.caixa.gov.br/voce/credito-financiamento/emprestimo/emprestimo-pessoal/Paginas/default.aspx"
    },
    {
      "id": "5",
      "nome": "Empréstimo Consignado INSS",
      "descricao": "Crédito com desconto direto na folha de pagamento do benefício, com taxas de juros reduzidas.",
      "publicoAlvo": "Aposentados e Pensionistas do INSS.",
      "garantia": "Desconto em folha",
      "taxaJurosAnual": 25.44,
      "taxaMensal": 2.12,
      "prazoMaximoMeses": 84,
      "link": "https://www.caixa.gov.br/voce/credito-financiamento/emprestimo/consignado-inss/Paginas/default.aspx"
    },
    {
      "id": "6",
      "nome": "Empréstimo Consignado Servidor Público",
      "descricao": "Crédito com desconto direto no salário, destinado a funcionários de órgãos públicos conveniados.",
      "publicoAlvo": "Servidores Públicos Federais, Estaduais e Municipais.",
      "garantia": "Desconto em folha",
      "taxaJurosAnual": 23.04,
      "taxaMensal": 1.92,
      "prazoMaximoMeses": 96,
      "link": "https://www.caixa.gov.br/voce/credito-financiamento/emprestimo/consignado/Paginas/default.aspx"
    },
    {
      "id": "7",
      "nome": "Empréstimo Consignado Empresa Privada",
      "descricao": "Crédito com desconto direto no salário para funcionários de empresas privadas que possuem convênio com a Caixa.",
      "publicoAlvo": "Funcionários de empresas privadas conveniadas.",
      "garantia": "Desconto em folha",
      "taxaJurosAnual": 33.96,
      "taxaMensal": 2.83,
      "prazoMaximoMeses": 72,
      "link": "https://www.caixa.gov.br/voce/credito-financiamento/emprestimo/consignado/Paginas/default.aspx"
    },
    {
      "id": "8",
      "nome": "Antecipação Saque-Aniversário FGTS",
      "descricao": "Adiantamento do valor de futuras parcelas do Saque-Aniversário do FGTS, usando o saldo como garantia.",
      "publicoAlvo": "Trabalhadores com saldo em conta FGTS que optaram pelo Saque-Aniversário.",
      "garantia": "Saldo do FGTS",
      "taxaJurosAnual": 19.44,
      "taxaMensal": 1.62,
      "prazoMaximoMeses": 60,
      "link": "https://www.caixa.gov.br/voce/credito-financiamento/emprestimo/antecipacao-saque-aniversario-FGTS/Paginas/default.aspx"
    },
    {
      "id": "9",
      "nome": "Antecipação do 13º Salário",
      "descricao": "Adiantamento do valor do seu 13º salário para usar o dinheiro quando precisar, com pagamento único.",
      "publicoAlvo": "Clientes que recebem salário ou benefício na Caixa.",
      "garantia": "Próprio 13º salário",
      "taxaJurosAnual": 19.44,
      "taxaMensal": 1.62,
      "prazoMaximoMeses": 12,
      "link": "https://www.caixa.gov.br/voce/credito-financiamento/credito-pessoal/antecipacao-de-13-salario/Paginas/default.aspx"
    },
    {
      "id": "10",
      "nome": "Penhor Caixa",
      "descricao": "Crédito rápido e sem burocracia, utilizando joias, relógios ou outros objetos de valor como garantia.",
      "publicoAlvo": "Qualquer pessoa maior de 18 anos que possua um bem para penhorar.",
      "garantia": "Bens de valor (joias, relógios, etc.)",
      "taxaJurosAnual": 24,
      "taxaMensal": 2,
      "prazoMaximoMeses": 180,
      "link": "https://www.caixa.gov.br/voce/credito-financiamento/penhor/Paginas/default.aspx"
    },
    {
      "id": "11",
      "nome": "Crédito Real Fácil (Garantia de Imóvel)",
      "descricao": "Empréstimo de alto valor e longo prazo, utilizando um imóvel quitado como garantia (Home Equity).",
      "publicoAlvo": "Pessoas físicas proprietárias de imóvel residencial ou comercial.",
      "garantia": "Imóvel quitado",
      "taxaJurosAnual": 9,
      "taxaMensal": 0.75,
      "prazoMaximoMeses": 240,
      "link": "https://www.caixa.gov.br/voce/credito-financiamento/credito-real-facil/Paginas/default.aspx"
    },
    {
      "id": "12",
      "nome": "Aporte Auto (Garantia de Veículo)",
      "descricao": "Utilize seu veículo quitado como garantia para conseguir um empréstimo com melhores condições.",
      "publicoAlvo": "Pessoas físicas proprietárias de veículo.",
      "garantia": "Veículo quitado",
      "taxaJurosAnual": 17.88,
      "taxaMensal": 1.49,
      "prazoMaximoMeses": 60,
      "link": "https://www.caixa.gov.br/voce/credito-financiamento/veiculos/Paginas/default.aspx"
    },
    {
      "id": "13",
      "nome": "Crédito Rural Pronaf",
      "descricao": "Financiamento do Programa Nacional de Fortalecimento da Agricultura Familiar, com juros subsidiados para custeio e investimento.",
      "publicoAlvo": "Agricultores familiares com Declaração de Aptidão ao Pronaf (DAP) ou CAF-Pronaf.",
      "garantia": "Variável (colheita, bens, aval)",
      "taxaJurosAnual": 4,
      "taxaMensal": 0.33,
      "prazoMaximoMeses": 120,
      "link": "https://www.caixa.gov.br/agronegocio/credito-rural/custeio/Paginas/default.aspx"
    },
    {
      "id": "14",
      "nome": "Crédito Rural Pronamp",
      "descricao": "Financiamento do Programa Nacional de Apoio ao Médio Produtor Rural, para custeio e investimento na propriedade.",
      "publicoAlvo": "Médios produtores rurais com renda bruta anual de até R$ 3 milhões.",
      "garantia": "Variável (colheita, bens, aval)",
      "taxaJurosAnual": 8,
      "taxaMensal": 0.67,
      "prazoMaximoMeses": 96,
      "link": "https://www.caixa.gov.br/agronegocio/credito-rural/investimento/Paginas/default.aspx"
    },
    {
      "id": "15",
      "nome": "Crédito Rural (Demais Produtores)",
      "descricao": "Linhas de crédito para custeio, investimento e comercialização destinadas a produtores que não se enquadram no Pronaf ou Pronamp.",
      "publicoAlvo": "Produtores rurais e cooperativas de produção.",
      "garantia": "Variável (colheita, bens, aval)",
      "taxaJurosAnual": 12,
      "taxaMensal": 1,
      "prazoMaximoMeses": 120,
      "link": "https://www.caixa.gov.br/agronegocio/credito-rural/Paginas/default.aspx"
    },
    {
      "id": "16",
      "nome": "Microcrédito Produtivo Orientado",
      "descricao": "Crédito para pequenos empreendedores, formais ou informais, para capital de giro ou investimento.",
      "publicoAlvo": "Empreendedores com faturamento anual de até R$ 360 mil.",
      "garantia": "Aval solidário ou outras a negociar.",
      "taxaJurosAnual": 26.28,
      "taxaMensal": 2.19,
      "prazoMaximoMeses": 24,
      "link": "https://www.caixa.gov.br/empresa/credito-financiamento/capital-giro/microcredito-produtivo-orientado/Paginas/default.aspx"
    },
    {
      "id": "17",
      "nome": "Financiamento Estudantil (FIES)",
      "descricao": "Programa do Ministério da Educação para financiar a graduação em instituições de ensino superior privadas.",
      "publicoAlvo": "Estudantes que atendam aos critérios de renda do programa.",
      "garantia": "Fiador ou Fundo Garantidor (FGEDUC).",
      "taxaJurosAnual": 18,
      "taxaMensal": 1.5,
      "prazoMaximoMeses": 360,
      "link": "https://www.caixa.gov.br/programas-sociais/fies/Paginas/default.aspx"
    },
    {
      "id": "18",
      "nome": "Financiamento Imobiliário Minha Casa, Minha Vida",
      "descricao": "Programa do Governo Federal para facilitar a compra da casa própria, com subsídios e taxas de juros reduzidas para famílias de baixa renda.",
      "publicoAlvo": "Famílias com renda bruta mensal de até R$ 8.000, dividido em faixas.",
      "garantia": "Alienação fiduciária do imóvel.",
      "taxaJurosAnual": 8,
      "taxaMensal": 0.66,
      "prazoMaximoMeses": 420,
      "link": "https://www.caixa.gov.br/voce/habitacao/minha-casa-minha-vida/Paginas/default.aspx"
    },
    {
      "id": "19",
      "nome": "Financiamento Imobiliário SBPE (TR)",
      "descricao": "Financiamento para aquisição de imóvel novo ou usado com juros atrelados à Taxa Referencial (TR).",
      "publicoAlvo": "Qualquer pessoa física com capacidade de pagamento aprovada.",
      "garantia": "Alienação fiduciária do imóvel.",
      "taxaJurosAnual": 8.99,
      "taxaMensal": 0.75,
      "prazoMaximoMeses": 420,
      "link": "https://www.caixa.gov.br/voce/habitacao/Paginas/default.aspx"
    },
    {
      "id": "20",
      "nome": "Financiamento Imobiliário Poupança Caixa",
      "descricao": "Modalidade com juros compostos por uma parte fixa e uma variável, vinculada ao rendimento da poupança.",
      "publicoAlvo": "Qualquer pessoa física com capacidade de pagamento aprovada.",
      "garantia": "Alienação fiduciária do imóvel.",
      "taxaJurosAnual": 8.35,
      "taxaMensal": 0.7,
      "prazoMaximoMeses": 420,
      "link": "https://www.caixa.gov.br/voce/habitacao/Paginas/default.aspx"
    },
    {
      "id": "21",
      "nome": "Financiamento Pró-Cotista (FGTS)",
      "descricao": "Linha de crédito com taxas de juros atrativas para trabalhadores titulares de conta vinculada do FGTS.",
      "publicoAlvo": "Trabalhadores com conta no FGTS, sujeito a regras específicas.",
      "garantia": "Alienação fiduciária do imóvel.",
      "taxaJurosAnual": 12.66,
      "taxaMensal": 1.05,
      "prazoMaximoMeses": 360,
      "link": "https://www.caixa.gov.br/voce/habitacao/financiamento-pro-cotista/Paginas/default.aspx"
    }
  ],
  "simulacoes": [
    {
      "id": "1",
      "tipo": "SAC",
      "produto": "Empréstimo Pessoal CAIXA",
      "valorDesejado": 10000,
      "prazo": 12,
      "taxaJurosMensal": 1.39,
      "valorTotal": 11178,
      "valorParcela": 931.5,
      "parcelas": [
        {
          "numero": 1,
          "valorAmortizacao": 791.72,
          "valorJuros": 139.78,
          "valorPrestacao": 931.5,
          "saldoDevedor": 9208.28
        },
        {
          "numero": 2,
          "valorAmortizacao": 802.76,
          "valorJuros": 128.74,
          "valorPrestacao": 931.5,
          "saldoDevedor": 8405.52
        },
        {
          "numero": 3,
          "valorAmortizacao": 814,
          "valorJuros": 117.5,
          "valorPrestacao": 931.5,
          "saldoDevedor": 7591.52
        },
        {
          "numero": 4,
          "valorAmortizacao": 825.45,
          "valorJuros": 106.05,
          "valorPrestacao": 931.5,
          "saldoDevedor": 6766.07
        },
        {
          "numero": 5,
          "valorAmortizacao": 837.12,
          "valorJuros": 94.38,
          "valorPrestacao": 931.5,
          "saldoDevedor": 5928.95
        }
      ]
    },
    {
      "id": "2",
      "tipo": "SAC",
      "produto": "Crédito Consignado",
      "valorDesejado": 15000,
      "prazo": 24,
      "taxaJurosMensal": 1.04,
      "valorTotal": 16875,
      "valorParcela": 703.13,
      "parcelas": [
        {
          "numero": 1,
          "valorAmortizacao": 625,
          "valorJuros": 156,
          "valorPrestacao": 781,
          "saldoDevedor": 14375
        },
        {
          "numero": 2,
          "valorAmortizacao": 625,
          "valorJuros": 149.5,
          "valorPrestacao": 774.5,
          "saldoDevedor": 13750
        },
        {
          "numero": 3,
          "valorAmortizacao": 625,
          "valorJuros": 143,
          "valorPrestacao": 768,
          "saldoDevedor": 13125
        },
        {
          "numero": 4,
          "valorAmortizacao": 625,
          "valorJuros": 136.5,
          "valorPrestacao": 761.5,
          "saldoDevedor": 12500
        },
        {
          "numero": 5,
          "valorAmortizacao": 625,
          "valorJuros": 130,
          "valorPrestacao": 755,
          "saldoDevedor": 11875
        }
      ]
    },
    {
      "id": "3",
      "tipo": "SAC",
      "produto": "Financiamento Veículos",
      "valorDesejado": 50000,
      "prazo": 48,
      "taxaJurosMensal": 0.83,
      "valorTotal": 58250,
      "valorParcela": 1213.54,
      "parcelas": [
        {
          "numero": 1,
          "valorAmortizacao": 1041.67,
          "valorJuros": 415,
          "valorPrestacao": 1456.67,
          "saldoDevedor": 48958.33
        },
        {
          "numero": 2,
          "valorAmortizacao": 1041.67,
          "valorJuros": 406.25,
          "valorPrestacao": 1447.92,
          "saldoDevedor": 47916.66
        },
        {
          "numero": 3,
          "valorAmortizacao": 1041.67,
          "valorJuros": 397.5,
          "valorPrestacao": 1439.17,
          "saldoDevedor": 46875
        },
        {
          "numero": 4,
          "valorAmortizacao": 1041.67,
          "valorJuros": 388.75,
          "valorPrestacao": 1430.42,
          "saldoDevedor": 45833.33
        },
        {
          "numero": 5,
          "valorAmortizacao": 1041.67,
          "valorJuros": 380,
          "valorPrestacao": 1421.67,
          "saldoDevedor": 44791.66
        }
      ]
    },
    {
      "id": "4",
      "tipo": "SAC",
      "produto": "Capital de Giro",
      "valorDesejado": 8000,
      "prazo": 6,
      "taxaJurosMensal": 1.5,
      "valorTotal": 8720,
      "valorParcela": 1453.33,
      "parcelas": [
        {
          "numero": 1,
          "valorAmortizacao": 1333.33,
          "valorJuros": 120,
          "valorPrestacao": 1453.33,
          "saldoDevedor": 6666.67
        },
        {
          "numero": 2,
          "valorAmortizacao": 1333.33,
          "valorJuros": 100,
          "valorPrestacao": 1433.33,
          "saldoDevedor": 5333.34
        },
        {
          "numero": 3,
          "valorAmortizacao": 1333.33,
          "valorJuros": 80,
          "valorPrestacao": 1413.33,
          "saldoDevedor": 4000.01
        },
        {
          "numero": 4,
          "valorAmortizacao": 1333.33,
          "valorJuros": 60,
          "valorPrestacao": 1393.33,
          "saldoDevedor": 2666.68
        },
        {
          "numero": 5,
          "valorAmortizacao": 1333.33,
          "valorJuros": 40,
          "valorPrestacao": 1373.33,
          "saldoDevedor": 1333.35
        }
      ]
    },
    {
      "id": "5",
      "tipo": "SAC",
      "produto": "Crédito Imobiliário",
      "valorDesejado": 200000,
      "prazo": 180,
      "taxaJurosMensal": 0.63,
      "valorTotal": 263000,
      "valorParcela": 1461.11,
      "parcelas": [
        {
          "numero": 1,
          "valorAmortizacao": 1111.11,
          "valorJuros": 1260,
          "valorPrestacao": 2371.11,
          "saldoDevedor": 198888.89
        },
        {
          "numero": 2,
          "valorAmortizacao": 1111.11,
          "valorJuros": 1253.33,
          "valorPrestacao": 2364.44,
          "saldoDevedor": 197777.78
        },
        {
          "numero": 3,
          "valorAmortizacao": 1111.11,
          "valorJuros": 1246.67,
          "valorPrestacao": 2357.78,
          "saldoDevedor": 196666.67
        },
        {
          "numero": 4,
          "valorAmortizacao": 1111.11,
          "valorJuros": 1240,
          "valorPrestacao": 2351.11,
          "saldoDevedor": 195555.56
        },
        {
          "numero": 5,
          "valorAmortizacao": 1111.11,
          "valorJuros": 1233.33,
          "valorPrestacao": 2344.44,
          "saldoDevedor": 194444.45
        }
      ]
    },
    {
      "id": "6",
      "tipo": "PRICE",
      "produto": "Empréstimo Pessoal CAIXA",
      "valorDesejado": 10000,
      "prazo": 12,
      "taxaJurosMensal": 1.39,
      "valorTotal": 11178,
      "valorParcela": 931.5,
      "parcelas": [
        {
          "numero": 1,
          "valorAmortizacao": 792.4,
          "valorJuros": 139.1,
          "valorPrestacao": 931.5,
          "saldoDevedor": 9207.6
        },
        {
          "numero": 2,
          "valorAmortizacao": 803.41,
          "valorJuros": 128.09,
          "valorPrestacao": 931.5,
          "saldoDevedor": 8404.19
        },
        {
          "numero": 3,
          "valorAmortizacao": 814.56,
          "valorJuros": 116.94,
          "valorPrestacao": 931.5,
          "saldoDevedor": 7589.63
        },
        {
          "numero": 4,
          "valorAmortizacao": 825.87,
          "valorJuros": 105.63,
          "valorPrestacao": 931.5,
          "saldoDevedor": 6763.76
        },
        {
          "numero": 5,
          "valorAmortizacao": 837.33,
          "valorJuros": 94.17,
          "valorPrestacao": 931.5,
          "saldoDevedor": 5926.43
        }
      ]
    },
    {
      "id": "7",
      "tipo": "PRICE",
      "produto": "Crédito Consignado",
      "valorDesejado": 15000,
      "prazo": 24,
      "taxaJurosMensal": 1.04,
      "valorTotal": 16875,
      "valorParcela": 703.13,
      "parcelas": [
        {
          "numero": 1,
          "valorAmortizacao": 547.13,
          "valorJuros": 156,
          "valorPrestacao": 703.13,
          "saldoDevedor": 14452.87
        },
        {
          "numero": 2,
          "valorAmortizacao": 552.82,
          "valorJuros": 150.31,
          "valorPrestacao": 703.13,
          "saldoDevedor": 13900.05
        },
        {
          "numero": 3,
          "valorAmortizacao": 558.57,
          "valorJuros": 144.56,
          "valorPrestacao": 703.13,
          "saldoDevedor": 13341.48
        },
        {
          "numero": 4,
          "valorAmortizacao": 564.38,
          "valorJuros": 138.75,
          "valorPrestacao": 703.13,
          "saldoDevedor": 12777.1
        },
        {
          "numero": 5,
          "valorAmortizacao": 570.25,
          "valorJuros": 132.88,
          "valorPrestacao": 703.13,
          "saldoDevedor": 12206.85
        }
      ]
    },
    {
      "id": "8",
      "tipo": "PRICE",
      "produto": "Financiamento Veículos",
      "valorDesejado": 50000,
      "prazo": 48,
      "taxaJurosMensal": 0.83,
      "valorTotal": 58250,
      "valorParcela": 1213.54,
      "parcelas": [
        {
          "numero": 1,
          "valorAmortizacao": 797.54,
          "valorJuros": 415,
          "valorPrestacao": 1212.54,
          "saldoDevedor": 49202.46
        },
        {
          "numero": 2,
          "valorAmortizacao": 804.16,
          "valorJuros": 408.38,
          "valorPrestacao": 1212.54,
          "saldoDevedor": 48398.3
        },
        {
          "numero": 3,
          "valorAmortizacao": 810.84,
          "valorJuros": 401.7,
          "valorPrestacao": 1212.54,
          "saldoDevedor": 47587.46
        },
        {
          "numero": 4,
          "valorAmortizacao": 817.57,
          "valorJuros": 394.97,
          "valorPrestacao": 1212.54,
          "saldoDevedor": 46769.89
        },
        {
          "numero": 5,
          "valorAmortizacao": 824.36,
          "valorJuros": 388.18,
          "valorPrestacao": 1212.54,
          "saldoDevedor": 45945.53
        }
      ]
    },
    {
      "id": "9",
      "tipo": "PRICE",
      "produto": "Capital de Giro",
      "valorDesejado": 8000,
      "prazo": 6,
      "taxaJurosMensal": 1.5,
      "valorTotal": 8720,
      "valorParcela": 1453.33,
      "parcelas": [
        {
          "numero": 1,
          "valorAmortizacao": 1333.33,
          "valorJuros": 120,
          "valorPrestacao": 1453.33,
          "saldoDevedor": 6666.67
        },
        {
          "numero": 2,
          "valorAmortizacao": 1353.33,
          "valorJuros": 100,
          "valorPrestacao": 1453.33,
          "saldoDevedor": 5313.34
        },
        {
          "numero": 3,
          "valorAmortizacao": 1373.33,
          "valorJuros": 80,
          "valorPrestacao": 1453.33,
          "saldoDevedor": 3940.01
        },
        {
          "numero": 4,
          "valorAmortizacao": 1393.33,
          "valorJuros": 60,
          "valorPrestacao": 1453.33,
          "saldoDevedor": 2546.68
        },
        {
          "numero": 5,
          "valorAmortizacao": 1413.33,
          "valorJuros": 40,
          "valorPrestacao": 1453.33,
          "saldoDevedor": 1133.35
        }
      ]
    },
    {
      "id": "10",
      "tipo": "PRICE",
      "produto": "Crédito Imobiliário",
      "valorDesejado": 200000,
      "prazo": 180,
      "taxaJurosMensal": 0.63,
      "valorTotal": 263000,
      "valorParcela": 1461.11,
      "parcelas": [
        {
          "numero": 1,
          "valorAmortizacao": 201.11,
          "valorJuros": 1260,
          "valorPrestacao": 1461.11,
          "saldoDevedor": 199798.89
        },
        {
          "numero": 2,
          "valorAmortizacao": 202.38,
          "valorJuros": 1258.73,
          "valorPrestacao": 1461.11,
          "saldoDevedor": 199596.51
        },
        {
          "numero": 3,
          "valorAmortizacao": 203.65,
          "valorJuros": 1257.46,
          "valorPrestacao": 1461.11,
          "saldoDevedor": 199392.86
        },
        {
          "numero": 4,
          "valorAmortizacao": 204.93,
          "valorJuros": 1256.18,
          "valorPrestacao": 1461.11,
          "saldoDevedor": 199187.93
        },
        {
          "numero": 5,
          "valorAmortizacao": 206.22,
          "valorJuros": 1254.89,
          "valorPrestacao": 1461.11,
          "saldoDevedor": 198981.71
        }
      ]
    },
    {
      "id": "e311",
      "valorDesejado": 123456,
      "prazo": 40,
      "produtoId": "3"
    },
    {
      "id": "3224",
      "valorDesejado": 120000,
      "prazo": 48,
      "produtoId": "17"
    },
    {
      "id": "7e17",
      "valorDesejado": 20000,
      "prazo": 20,
      "produtoId": "14"
    }
  ]
}