{
  "produtos": [
    {
      "id": 1,
      "nome": "Empréstimo Pessoal CAIXA",
      "taxaJurosAnual": 16.68,
      "prazoMaximoMeses": 24,
      "valorMinimo": 500,
      "valorMaximo": 50000
    },
    {
      "id": 2,
      "nome": "Crédito Consignado",
      "taxaJurosAnual": 12.50,
      "prazoMaximoMeses": 84,
      "valorMinimo": 1000,
      "valorMaximo": 80000
    },
    {
      "id": 3,
      "nome": "Financiamento Veículos",
      "taxaJurosAnual": 9.99,
      "prazoMaximoMeses": 60,
      "valorMinimo": 10000,
      "valorMaximo": 150000
    },
    {
      "id": 4,
      "nome": "Crédito Imobiliário",
      "taxaJurosAnual": 7.50,
      "prazoMaximoMeses": 360,
      "valorMinimo": 50000,
      "valorMaximo": 1000000
    },
    {
      "id": 5,
      "nome": "Capital de Giro",
      "taxaJurosAnual": 18.00,
      "prazoMaximoMeses": 12,
      "valorMinimo": 1000,
      "valorMaximo": 100000
    }
  ],
  "simulacoes": [
    {
      "id": 1,
      "tipo": "SAC",
      "produto": "Empréstimo Pessoal CAIXA",
      "valorDesejado": 10000,
      "prazo": 12,
      "taxaJurosMensal": 1.39,
      "valorTotal": 11178,
      "valorParcela": 931.50,
      "parcelas": [
        {
          "numero": 1,
          "valorAmortizacao": 791.72,
          "valorJuros": 139.78,
          "valorPrestacao": 931.50,
          "saldoDevedor": 9208.28
        },
        {
          "numero": 2,
          "valorAmortizacao": 802.76,
          "valorJuros": 128.74,
          "valorPrestacao": 931.50,
          "saldoDevedor": 8405.52
        },
        {
          "numero": 3,
          "valorAmortizacao": 814.00,
          "valorJuros": 117.50,
          "valorPrestacao": 931.50,
          "saldoDevedor": 7591.52
        },
        {
          "numero": 4,
          "valorAmortizacao": 825.45,
          "valorJuros": 106.05,
          "valorPrestacao": 931.50,
          "saldoDevedor": 6766.07
        },
        {
          "numero": 5,
          "valorAmortizacao": 837.12,
          "valorJuros": 94.38,
          "valorPrestacao": 931.50,
          "saldoDevedor": 5928.95
        }
      ]
    },
    {
      "id": 2,
      "tipo": "SAC",
      "produto": "Crédito Consignado",
      "valorDesejado": 15000,
      "prazo": 24,
      "taxaJurosMensal": 1.04,
      "valorTotal": 16875,
      "valorParcela": 703.13,
      "parcelas": [
        {
          "numero": 1,
          "valorAmortizacao": 625.00,
          "valorJuros": 156.00,
          "valorPrestacao": 781.00,
          "saldoDevedor": 14375.00
        },
        {
          "numero": 2,
          "valorAmortizacao": 625.00,
          "valorJuros": 149.50,
          "valorPrestacao": 774.50,
          "saldoDevedor": 13750.00
        },
        {
          "numero": 3,
          "valorAmortizacao": 625.00,
          "valorJuros": 143.00,
          "valorPrestacao": 768.00,
          "saldoDevedor": 13125.00
        },
        {
          "numero": 4,
          "valorAmortizacao": 625.00,
          "valorJuros": 136.50,
          "valorPrestacao": 761.50,
          "saldoDevedor": 12500.00
        },
        {
          "numero": 5,
          "valorAmortizacao": 625.00,
          "valorJuros": 130.00,
          "valorPrestacao": 755.00,
          "saldoDevedor": 11875.00
        }
      ]
    },
    {
      "id": 3,
      "tipo": "SAC",
      "produto": "Financiamento Veículos",
      "valorDesejado": 50000,
      "prazo": 48,
      "taxaJurosMensal": 0.83,
      "valorTotal": 58250,
      "valorParcela": 1213.54,
      "parcelas": [
        {
          "numero": 1,
          "valorAmortizacao": 1041.67,
          "valorJuros": 415.00,
          "valorPrestacao": 1456.67,
          "saldoDevedor": 48958.33
        },
        {
          "numero": 2,
          "valorAmortizacao": 1041.67,
          "valorJuros": 406.25,
          "valorPrestacao": 1447.92,
          "saldoDevedor": 47916.66
        },
        {
          "numero": 3,
          "valorAmortizacao": 1041.67,
          "valorJuros": 397.50,
          "valorPrestacao": 1439.17,
          "saldoDevedor": 46875.00
        },
        {
          "numero": 4,
          "valorAmortizacao": 1041.67,
          "valorJuros": 388.75,
          "valorPrestacao": 1430.42,
          "saldoDevedor": 45833.33
        },
        {
          "numero": 5,
          "valorAmortizacao": 1041.67,
          "valorJuros": 380.00,
          "valorPrestacao": 1421.67,
          "saldoDevedor": 44791.66
        }
      ]
    },
    {
      "id": 4,
      "tipo": "SAC",
      "produto": "Capital de Giro",
      "valorDesejado": 8000,
      "prazo": 6,
      "taxaJurosMensal": 1.50,
      "valorTotal": 8720,
      "valorParcela": 1453.33,
      "parcelas": [
        {
          "numero": 1,
          "valorAmortizacao": 1333.33,
          "valorJuros": 120.00,
          "valorPrestacao": 1453.33,
          "saldoDevedor": 6666.67
        },
        {
          "numero": 2,
          "valorAmortizacao": 1333.33,
          "valorJuros": 100.00,
          "valorPrestacao": 1433.33,
          "saldoDevedor": 5333.34
        },
        {
          "numero": 3,
          "valorAmortizacao": 1333.33,
          "valorJuros": 80.00,
          "valorPrestacao": 1413.33,
          "saldoDevedor": 4000.01
        },
        {
          "numero": 4,
          "valorAmortizacao": 1333.33,
          "valorJuros": 60.00,
          "valorPrestacao": 1393.33,
          "saldoDevedor": 2666.68
        },
        {
          "numero": 5,
          "valorAmortizacao": 1333.33,
          "valorJuros": 40.00,
          "valorPrestacao": 1373.33,
          "saldoDevedor": 1333.35
        }
      ]
    },
    {
      "id": 5,
      "tipo": "SAC",
      "produto": "Crédito Imobiliário",
      "valorDesejado": 200000,
      "prazo": 180,
      "taxaJurosMensal": 0.63,
      "valorTotal": 263000,
      "valorParcela": 1461.11,
      "parcelas": [
        {
          "numero": 1,
          "valorAmortizacao": 1111.11,
          "valorJuros": 1260.00,
          "valorPrestacao": 2371.11,
          "saldoDevedor": 198888.89
        },
        {
          "numero": 2,
          "valorAmortizacao": 1111.11,
          "valorJuros": 1253.33,
          "valorPrestacao": 2364.44,
          "saldoDevedor": 197777.78
        },
        {
          "numero": 3,
          "valorAmortizacao": 1111.11,
          "valorJuros": 1246.67,
          "valorPrestacao": 2357.78,
          "saldoDevedor": 196666.67
        },
        {
          "numero": 4,
          "valorAmortizacao": 1111.11,
          "valorJuros": 1240.00,
          "valorPrestacao": 2351.11,
          "saldoDevedor": 195555.56
        },
        {
          "numero": 5,
          "valorAmortizacao": 1111.11,
          "valorJuros": 1233.33,
          "valorPrestacao": 2344.44,
          "saldoDevedor": 194444.45
        }
      ]
    },
    {
      "id": 6,
      "tipo": "PRICE",
      "produto": "Empréstimo Pessoal CAIXA",
      "valorDesejado": 10000,
      "prazo": 12,
      "taxaJurosMensal": 1.39,
      "valorTotal": 11178,
      "valorParcela": 931.50,
      "parcelas": [
        {
          "numero": 1,
          "valorAmortizacao": 792.40,
          "valorJuros": 139.10,
          "valorPrestacao": 931.50,
          "saldoDevedor": 9207.60
        },
        {
          "numero": 2,
          "valorAmortizacao": 803.41,
          "valorJuros": 128.09,
          "valorPrestacao": 931.50,
          "saldoDevedor": 8404.19
        },
        {
          "numero": 3,
          "valorAmortizacao": 814.56,
          "valorJuros": 116.94,
          "valorPrestacao": 931.50,
          "saldoDevedor": 7589.63
        },
        {
          "numero": 4,
          "valorAmortizacao": 825.87,
          "valorJuros": 105.63,
          "valorPrestacao": 931.50,
          "saldoDevedor": 6763.76
        },
        {
          "numero": 5,
          "valorAmortizacao": 837.33,
          "valorJuros": 94.17,
          "valorPrestacao": 931.50,
          "saldoDevedor": 5926.43
        }
      ]
    },
    {
      "id": 7,
      "tipo": "PRICE",
      "produto": "Crédito Consignado",
      "valorDesejado": 15000,
      "prazo": 24,
      "taxaJurosMensal": 1.04,
      "valorTotal": 16875,
      "valorParcela": 703.13,
      "parcelas": [
        {
          "numero": 1,
          "valorAmortizacao": 547.13,
          "valorJuros": 156.00,
          "valorPrestacao": 703.13,
          "saldoDevedor": 14452.87
        },
        {
          "numero": 2,
          "valorAmortizacao": 552.82,
          "valorJuros": 150.31,
          "valorPrestacao": 703.13,
          "saldoDevedor": 13900.05
        },
        {
          "numero": 3,
          "valorAmortizacao": 558.57,
          "valorJuros": 144.56,
          "valorPrestacao": 703.13,
          "saldoDevedor": 13341.48
        },
        {
          "numero": 4,
          "valorAmortizacao": 564.38,
          "valorJuros": 138.75,
          "valorPrestacao": 703.13,
          "saldoDevedor": 12777.10
        },
        {
          "numero": 5,
          "valorAmortizacao": 570.25,
          "valorJuros": 132.88,
          "valorPrestacao": 703.13,
          "saldoDevedor": 12206.85
        }
      ]
    },
    {
      "id": 8,
      "tipo": "PRICE",
      "produto": "Financiamento Veículos",
      "valorDesejado": 50000,
      "prazo": 48,
      "taxaJurosMensal": 0.83,
      "valorTotal": 58250,
      "valorParcela": 1213.54,
      "parcelas": [
        {
          "numero": 1,
          "valorAmortizacao": 797.54,
          "valorJuros": 415.00,
          "valorPrestacao": 1212.54,
          "saldoDevedor": 49202.46
        },
        {
          "numero": 2,
          "valorAmortizacao": 804.16,
          "valorJuros": 408.38,
          "valorPrestacao": 1212.54,
          "saldoDevedor": 48398.30
        },
        {
          "numero": 3,
          "valorAmortizacao": 810.84,
          "valorJuros": 401.70,
          "valorPrestacao": 1212.54,
          "saldoDevedor": 47587.46
        },
        {
          "numero": 4,
          "valorAmortizacao": 817.57,
          "valorJuros": 394.97,
          "valorPrestacao": 1212.54,
          "saldoDevedor": 46769.89
        },
        {
          "numero": 5,
          "valorAmortizacao": 824.36,
          "valorJuros": 388.18,
          "valorPrestacao": 1212.54,
          "saldoDevedor": 45945.53
        }
      ]
    },
    {
      "id": 9,
      "tipo": "PRICE",
      "produto": "Capital de Giro",
      "valorDesejado": 8000,
      "prazo": 6,
      "taxaJurosMensal": 1.50,
      "valorTotal": 8720,
      "valorParcela": 1453.33,
      "parcelas": [
        {
          "numero": 1,
          "valorAmortizacao": 1333.33,
          "valorJuros": 120.00,
          "valorPrestacao": 1453.33,
          "saldoDevedor": 6666.67
        },
        {
          "numero": 2,
          "valorAmortizacao": 1353.33,
          "valorJuros": 100.00,
          "valorPrestacao": 1453.33,
          "saldoDevedor": 5313.34
        },
        {
          "numero": 3,
          "valorAmortizacao": 1373.33,
          "valorJuros": 80.00,
          "valorPrestacao": 1453.33,
          "saldoDevedor": 3940.01
        },
        {
          "numero": 4,
          "valorAmortizacao": 1393.33,
          "valorJuros": 60.00,
          "valorPrestacao": 1453.33,
          "saldoDevedor": 2546.68
        },
        {
          "numero": 5,
          "valorAmortizacao": 1413.33,
          "valorJuros": 40.00,
          "valorPrestacao": 1453.33,
          "saldoDevedor": 1133.35
        }
      ]
    },
    {
      "id": 10,
      "tipo": "PRICE",
      "produto": "Crédito Imobiliário",
      "valorDesejado": 200000,
      "prazo": 180,
      "taxaJurosMensal": 0.63,
      "valorTotal": 263000,
      "valorParcela": 1461.11,
      "parcelas": [
        {
          "numero": 1,
          "valorAmortizacao": 201.11,
          "valorJuros": 1260.00,
          "valorPrestacao": 1461.11,
          "saldoDevedor": 199798.89
        },
        {
          "numero": 2,
          "valorAmortizacao": 202.38,
          "valorJuros": 1258.73,
          "valorPrestacao": 1461.11,
          "saldoDevedor": 199596.51
        },
        {
          "numero": 3,
          "valorAmortizacao": 203.65,
          "valorJuros": 1257.46,
          "valorPrestacao": 1461.11,
          "saldoDevedor": 199392.86
        },
        {
          "numero": 4,
          "valorAmortizacao": 204.93,
          "valorJuros": 1256.18,
          "valorPrestacao": 1461.11,
          "saldoDevedor": 199187.93
        },
        {
          "numero": 5,
          "valorAmortizacao": 206.22,
          "valorJuros": 1254.89,
          "valorPrestacao": 1461.11,
          "saldoDevedor": 198981.71
        }
      ]
    }
  ]
}